student,n,e,d,p,q,lcm
1,66007,29,24813,149,443,32708
2,97663,11,7331,127,769,16128
3,54389,5,2693,137,397,13464
4,11203,37,1565,17,659,5264
5,42631,5,8413,89,479,21032
6,16213,17,2303,31,523,2610
7,62809,31,8015,107,587,31058
8,85763,29,4397,139,617,42504
9,99949,31,5857,127,787,16506
10,46357,37,6823,151,307,7650
11,34973,13,3277,41,853,8520
12,72659,29,13637,113,643,35952
13,51757,37,1837,73,709,4248
14,57007,11,1139,109,523,3132
15,12521,5,2369,19,659,5922
16,50213,31,12031,149,337,12432
17,40501,19,379,101,401,400
18,32899,31,4723,167,197,16268
19,47227,3,7763,83,569,23288
20,23591,23,1487,31,761,2280
21,65491,19,9631,79,829,10764
22,10537,37,173,41,257,1280
23,12031,37,2541,53,227,5876
24,48793,23,2083,59,827,23954
25,47561,19,11161,199,239,23562
